Trial,Front Motion Sent,Front Motion Received,Front Motion Sequence,Front Motion Time DeltaÂ ,Unlock Sent,Unlock Received,Unlock Sequence ,Unlock Delta,Alexa Trigger Sent,Alexa Trigger Received,Alexa Trigger Sequence,Alexa Trigger Delta,Motion Sensor 1 Sent,Motion Sensor 1 Received,Motion Sensor 1 Sequence,Motion Sensor 1 Delta,Motion Sensor 2 Sent,Motion Sensor 2 Received,Motion Sensor 2 Sequence,Motion Sensor 2 Delta
1,,,,,,,,,,,,,,,,,,,,
2,,,,,,,,,,,,,,,,,,,,
3,,,,,,,,,,,,,,,,,,,,
4,,,,,,,,,,,,,,,,,,,,
5,,,,,,,,,,,,,,,,,,,,
6,,,,,,,,,,,,,,,,,,,,
7,,,,,,,,,,,,,,,,,,,,
8,,,,,,,,,,,,,,,,,,,,
9,,,,,,,,,,,,,,,,,,,,
10,,,,,,,,,,,,,,,,,,,,
11,,,,,,,,,,,,,,,,,,,,
12,,,,,,,,,,,,,,,,,,,,
13,,,,,,,,,,,,,,,,,,,,
14,,,,,,,,,,,,,,,,,,,,
15,,,,,,,,,,,,,,,,,,,,
16,,,,,,,,,,,,,,,,,,,,
17,,,,,,,,,,,,,,,,,,,,
18,,,,,,,,,,,,,,,,,,,,
19,,,,,,,,,,,,,,,,,,,,
20,,,,,,,,,,,,,,,,,,,,
21,,,,,,,,,,,,,,,,,,,,
22,,,,,,,,,,,,,,,,,,,,
23,,,,,,,,,,,,,,,,,,,,
24,,,,,,,,,,,,,,,,,,,,
25,,,,,,,,,,,,,,,,,,,,
26,,,,,,,,,,,,,,,,,,,,
27,,,,,,,,,,,,,,,,,,,,
28,,,,,,,,,,,,,,,,,,,,
29,,,,,,,,,,,,,,,,,,,,
30,,,,,,,,,,,,,,,,,,,,
